date,seasonality,holidays,event_0,y
2018-01-01,-5.37670471081576,1,0.0,560.3836544887391
2018-01-02,-5.004909371425194,1,0.0,560.3069855217709
2018-01-03,-4.063438550416522,1,0.0,561.9267773506295
2018-01-04,-4.960848753259765,1,0.0,558.4597984914657
2018-01-05,-4.398557912712508,1,0.0,560.3324432190363
2018-01-06,-5.211096165810735,1,0.0,565.8673604512724
2018-01-07,-5.297421743202375,1,0.0,560.8357150588389
2018-01-08,-4.730249307887287,1,0.0,560.8188830814911
2018-01-09,-4.880765654779815,1,0.0,560.1306973902815
2018-01-10,-4.430477289627943,1,0.0,556.419257501005
2018-01-11,-4.801234397253733,1,0.0,559.7219173092267
2018-01-12,-5.1046950014044885,1,0.0,561.0756374179805
2018-01-13,-6.200364206779712,1,0.0,556.4299263355236
2018-01-14,-5.091327367713997,1,0.0,557.9225088012305
2018-01-15,-5.586236160259562,1,0.0,559.4344540119538
2018-01-16,-4.488504405939126,1,0.0,561.3564792761658
2018-01-17,-4.318462211776894,1,0.0,557.4000553787375
2018-01-18,-3.5259647819183115,1,0.0,557.2422497337653
2018-01-19,-4.93001703883297,1,0.0,562.1108654856865
2018-01-20,-4.676559761687705,1,0.48433169560776995,563.1291378409773
2018-01-21,-4.206884046730821,1,0.0,567.1514689688028
2018-01-22,-4.862709175947533,0,0.0,563.7422894322499
2018-01-23,-4.254498652589941,0,0.0,558.9170893969683
2018-01-24,-4.210764993876987,0,0.0,557.2546325568512
2018-01-25,-4.75458131538847,0,0.0,562.7887285084217
2018-01-26,-4.589133619146518,0,0.0,558.7289516100494
2018-01-27,-4.955073413880088,0,0.0,561.8938111648387
2018-01-28,-4.8651956647707255,0,0.0,557.1421915863717
2018-01-29,-4.69798483787925,0,0.0,556.6979784784572
2018-01-30,-4.0443744280098475,0,0.0,556.9592208493192
2018-01-31,-4.487428854105723,0,0.0,557.2518361031692
2018-02-01,-4.55956512182868,0,0.0,560.6256350521013
2018-02-02,-3.6382690290234687,0,0.0,555.5537459241477
2018-02-03,-4.566108253998716,0,0.0,555.1258766816069
2018-02-04,-3.95805457889962,0,0.0,552.3483728915458
2018-02-05,-4.561103492688829,0,0.0,557.9925089959587
2018-02-06,-3.769603333199597,0,0.0,554.9393331853659
2018-02-07,-3.543083438002127,0,0.0,557.7336304410283
2018-02-08,-3.891994550818224,0,0.0,557.1812561358206
2018-02-09,-4.6305575879450585,0,0.0,556.3135863319393
2018-02-10,-3.7646491440966092,0,0.0,554.3977001551805
2018-02-11,-3.430904625355614,0,0.0,555.979977526264
2018-02-12,-3.563162557978413,0,0.0,556.453495453171
2018-02-13,-3.5076685428024654,0,0.0,556.7999459371124
2018-02-14,-3.4023695849777216,0,0.0,553.2567126445966
2018-02-15,-3.3522349326060197,0,0.6137479744145943,565.2600541892496
2018-02-16,-3.5134636481431443,0,0.0,565.8023087870816
2018-02-17,-3.089754146216401,0,0.0,559.783634442602
2018-02-18,-3.4631266137074426,0,0.0,564.4133440674634
2018-02-19,-3.3273537105239033,0,0.0,558.5188396064295
2018-02-20,-3.2671203007648786,0,0.0,559.0924551360728
2018-02-21,-2.954592812958668,0,0.0,556.9162504440583
2018-02-22,-3.311975827507339,0,0.0,558.6960389374716
2018-02-23,-3.3983825666885124,0,0.0,557.9490100508306
2018-02-24,-3.0848019874060535,0,0.0,559.127585355036
2018-02-25,-2.409961539638686,0,0.0,562.9131515471057
2018-02-26,-2.9865774712942064,0,0.0,557.0997120438774
2018-02-27,-2.9834078823533328,0,0.4500573182787457,563.6341610813585
2018-02-28,-1.9711450521196612,0,0.0,561.44792924361
2018-03-01,-2.6787949530441795,0,0.0,562.1661284282616
2018-03-02,-3.0007453652194354,0,0.0,561.7256945347484
2018-03-03,-2.912442228835187,0,0.0,560.4504002175868
2018-03-04,-1.6358037576348603,0,0.0,562.4847480287885
2018-03-05,-2.807224867703057,0,0.0,560.0608459188571
2018-03-06,-2.9052127866116186,0,0.0,559.3208129556433
2018-03-07,-1.8070628225026792,0,0.0,557.5342349527574
2018-03-08,-1.3353645709753168,0,0.0,556.9915371807934
2018-03-09,-2.2137083313842116,0,0.0,556.9531702258935
2018-03-10,-1.647264361341733,0,0.0,553.8790127130148
2018-03-11,-1.9085281271607086,0,0.0,553.2808890301245
2018-03-12,-2.1043787758698387,0,0.0,557.9097128573836
2018-03-13,-1.9438136527652465,0,0.0,554.7931935585397
2018-03-14,-1.8315019259071306,0,0.0,552.753133997707
2018-03-15,-2.4055802896386123,0,0.0,553.3233815089784
2018-03-16,-1.1668046882249188,0,0.0,553.2432455642014
2018-03-17,-1.612455377741805,0,0.0,553.3909167367535
2018-03-18,-1.768157290177407,0,0.0,557.0195019311531
2018-03-19,-0.978288847136164,0,0.0,558.6793568863563
2018-03-20,-1.9781033790281222,0,0.0,556.8452584985407
2018-03-21,-0.9882511352399325,0,0.0,552.7735397378234
2018-03-22,-0.4693232320931775,0,0.0,559.2462117214437
2018-03-23,-1.6664489420856032,0,0.0,555.1072689190169
2018-03-24,-0.63246229638101,0,0.0,555.3308772911996
2018-03-25,-0.6088208458267548,0,0.0,555.7444400499797
2018-03-26,-1.3116044846528923,0,0.0,554.6792140212727
2018-03-27,-0.4191336697402941,0,0.0,555.9055453153751
2018-03-28,-0.6884517298333671,0,0.0,555.9586448443395
2018-03-29,-1.1620374433054184,0,0.0,555.0666445447617
2018-03-30,-0.16183658958694674,0,0.0,558.1099190417078
2018-03-31,0.5519348752309944,0,0.0,555.8596007165509
2018-04-01,-0.035305318971009705,0,0.0,551.4609636905758
2018-04-02,0.31319493926406644,0,0.0,553.2987372583033
2018-04-03,0.40056911739174095,0,0.0,554.5414982810236
2018-04-04,-0.48101636683855364,0,0.0,556.1060091495344
2018-04-05,-0.36196329127294513,0,0.0,551.4569170604227
2018-04-06,0.8858378306420702,0,0.0,554.993073124468
2018-04-07,0.484861548757627,0,0.0,555.9038583793375
2018-04-08,0.13933354726415248,0,0.0,555.5250258843115
2018-04-09,0.10823313668307916,1,0.0,559.3692462752786
2018-04-10,0.7333133648081491,1,0.0,555.9943876010308
2018-04-11,0.3366855187621865,1,0.0,556.0039896749936
2018-04-12,0.0053555022228637394,1,0.0,558.3025831552532
2018-04-13,2.1325140665561553,1,0.0,557.4701168747631
2018-04-14,0.6983016642517021,1,0.0,558.7335863713838
2018-04-15,1.004757132003297,1,0.0,554.7332879511733
2018-04-16,0.727395010635808,1,0.0,555.7216271983149
2018-04-17,0.2962254702989857,1,0.0,556.1401620726004
2018-04-18,1.6983829936221733,1,0.0,554.5099888139817
2018-04-19,1.8639550650957475,1,0.0,557.1155701382906
2018-04-20,0.8924093109422088,1,0.0,554.0931702998986
2018-04-21,1.7537660597375888,1,0.0,557.631552931285
2018-04-22,2.2177136113284526,1,0.0,557.0430471024853
2018-04-23,1.53331753636938,1,0.0,560.0535770165694
2018-04-24,0.9890165278732522,1,0.0,557.3519482177231
2018-04-25,1.6841222078913636,1,0.0,555.0199654259184
2018-04-26,2.0027165250536174,1,0.0,557.3977882644367
2018-04-27,1.5086629524800008,1,0.0,556.8052249040106
2018-04-28,2.2840869567761275,1,0.0,554.1699696368133
2018-04-29,1.7368817600849351,1,0.0,558.3304319096995
2018-04-30,2.3123027430943677,0,0.0,557.4574861756105
2018-05-01,1.9365709902972297,0,0.0,555.22801242716
2018-05-02,2.8178071376311515,0,0.0,557.5490014014335
2018-05-03,2.7334094517172747,0,0.0,554.6957924682059
2018-05-04,2.4313652572005267,0,0.0,558.9129692527323
2018-05-05,3.5768449984361,0,0.0,552.2074445878528
2018-05-06,1.570797401635183,0,0.0,555.3704773970147
2018-05-07,3.5609885849942855,0,0.0,554.1145922205714
2018-05-08,2.4027038639015723,0,0.0,555.062488497133
2018-05-09,3.1628868426818393,0,0.0,553.5692140138925
2018-05-10,3.1060463751406036,0,0.0,555.9260464578667
2018-05-11,2.3780120529950057,0,0.0,553.0003496142242
2018-05-12,3.3502517402204544,0,0.0,554.5013418758803
2018-05-13,3.573476375904403,0,0.0,554.0548988522885
2018-05-14,2.8707574190414094,0,0.0,556.296320793647
2018-05-15,3.411309883474634,0,0.0,555.7689829335742
2018-05-16,3.3996564157181077,0,0.0,552.8299445846197
2018-05-17,3.928220665932482,0,0.0,554.7096761503902
2018-05-18,2.3541831817425436,0,0.0,559.8376049746415
2018-05-19,4.107987935322796,0,0.0,553.4934840866083
2018-05-20,3.1866290898916745,0,0.0,553.544633954264
2018-05-21,4.52265520795094,0,0.0,552.4594814803266
2018-05-22,3.5497018126151927,0,0.5957703560139621,560.1734606600063
2018-05-23,4.1962196032704515,0,0.0,560.8175866039841
2018-05-24,4.363473077572343,0,0.0,560.799152012489
2018-05-25,5.201360534097252,0,0.0,561.3838221849497
2018-05-26,4.91899574404184,0,0.0,560.0806991745123
2018-05-27,4.58538895359943,0,0.0,558.0493536297184
2018-05-28,4.625085715311981,0,0.0,560.0647485452403
2018-05-29,4.113734517234272,0,0.0,562.1677954183589
2018-05-30,4.962962510434544,0,0.0,553.0534005872175
2018-05-31,3.3844969041160375,0,0.0,549.8082485192363
2018-06-01,5.683513070672664,0,0.0,560.015335220943
2018-06-02,4.065645385456898,0,0.0,558.2990168754451
2018-06-03,4.257472930767731,0,0.0,555.2682174396863
2018-06-04,4.415858835331016,0,0.0,553.2688206103585
2018-06-05,4.163049024037502,0,0.0,553.6826033937317
2018-06-06,3.8880411322952013,0,0.0,555.2677759666764
2018-06-07,4.81807903825221,0,0.0,552.6740465330429
2018-06-08,5.090105062279972,0,0.0,549.6252148750435
2018-06-09,3.861742667987399,0,0.33218899455467643,554.6046447222627
2018-06-10,4.8921057800122165,0,0.0,555.8320781681946
2018-06-11,4.716334917942338,0,0.0,558.548986512772
2018-06-12,4.04313145851016,0,0.0,559.0104343224326
2018-06-13,4.858322071584035,0,0.0,555.384908744866
2018-06-14,4.4102480055464035,0,0.0,558.0087246406681
2018-06-15,4.363490341335719,0,0.0,559.3507965958978
2018-06-16,4.167885212064807,0,0.0,553.7503880380489
2018-06-17,5.858833556498068,0,0.0,555.6843060480475
2018-06-18,5.006780832980385,0,0.0,558.3246032454359
2018-06-19,6.26340482672861,0,0.0,556.1735986784905
2018-06-20,3.9580049031887468,0,0.0,553.3341507430134
2018-06-21,5.198812755215126,0,0.0,557.2598841656508
2018-06-22,5.062435501978856,0,0.0,555.8903415029748
2018-06-23,4.920289245023536,0,0.0,556.3733484548748
2018-06-24,5.693393699479128,0,0.0,556.0936817410833
2018-06-25,4.621246533115951,0,0.0,556.3838412372166
2018-06-26,5.855313992964613,0,0.0,557.2719903608603
2018-06-27,4.314543047124453,0,0.0,558.7495480726874
2018-06-28,4.64566972161143,0,0.0,552.9295214829757
2018-06-29,5.494686037525314,0,0.0,552.1312717472878
2018-06-30,4.804502340359744,0,0.0,552.908860121938
2018-07-01,5.466454068332993,0,0.0,554.598173748921
2018-07-02,4.728678711472475,0,0.0,554.5936960952174
2018-07-03,5.882023883011171,0,0.0,554.0617578660612
2018-07-04,4.913836858038768,0,0.0,550.0606451557252
2018-07-05,4.559506292207072,0,0.0,553.1038114386392
2018-07-06,5.0923811396495635,0,0.0,556.597109020175
2018-07-07,4.913402477584996,0,0.0,553.5121869051475
2018-07-08,4.985406798543371,0,0.0,551.3227166243215
2018-07-09,5.399360800350656,0,0.0,556.1372989876345
2018-07-10,5.243741544913851,0,0.0,553.5869412827915
2018-07-11,4.090449682276899,0,0.0,551.2389929134736
2018-07-12,5.174326279218832,0,0.0,554.1167992108615
2018-07-13,4.560163201834297,0,0.0,551.4626865734465
2018-07-14,4.792468618194303,0,0.0,550.235081111539
2018-07-15,4.9475742954532045,0,0.0,550.0869752954688
2018-07-16,4.497632937727595,1,0.0,559.219421101992
2018-07-17,4.792040496249283,1,0.0,557.3578235362559
2018-07-18,4.908285141680539,1,0.0,555.3696916458708
2018-07-19,5.6180326054586995,1,0.0,554.715922317072
2018-07-20,4.693296513557743,1,0.0,557.3451646530322
2018-07-21,4.44291134477763,1,0.0,553.6665341667988
2018-07-22,4.320746189038463,1,0.0,553.4787746389944
2018-07-23,4.381553212703171,1,0.0,561.7788774614273
2018-07-24,4.7180092025771385,1,0.0,556.6480648189904
2018-07-25,4.653375617011373,1,0.0,556.7585556108207
2018-07-26,4.162050584808928,1,0.0,554.0531349276365
2018-07-27,4.395362264067098,1,0.0,557.2457124226107
2018-07-28,4.350638717510394,1,0.0,556.0678362493097
2018-07-29,3.752378603550077,1,0.0,553.7700988239018
2018-07-30,3.9859127002389734,1,0.0,552.354123983153
2018-07-31,4.273832366878293,1,0.1378149809061268,559.3945591659618
2018-08-01,4.391715091217435,1,0.0,557.9825052477345
2018-08-02,4.173939610055582,1,0.0,555.8140128852224
2018-08-03,4.794030098251333,1,0.0,557.5381999837739
2018-08-04,2.960031492117415,1,0.0,551.4323305101084
2018-08-05,4.344317140547868,1,0.0,554.4171435043286
2018-08-06,4.054812483925466,1,0.0,556.0920232045179
2018-08-07,4.087102354090099,1,0.0,555.4144546055916
2018-08-08,3.9500012781507294,1,0.0,554.1796337584757
2018-08-09,4.182812512362094,1,0.0,555.2483798666588
2018-08-10,4.367934302786257,1,0.0,553.683663459495
2018-08-11,3.8200178625046624,1,0.0,554.217809514382
2018-08-12,3.985980530769546,1,0.0,552.8271003524873
2018-08-13,3.9642056273549575,1,0.0,558.9193436780911
2018-08-14,3.992681379960335,1,0.0,555.2070731348856
2018-08-15,3.6482923580946545,1,0.0,558.4694417765786
2018-08-16,3.5285736711206908,1,0.0,554.0448527183581
2018-08-17,3.4458971286021525,1,0.0,557.9686848819789
2018-08-18,3.4314089681042628,1,0.0,555.1230948249945
2018-08-19,4.18545593235319,1,0.0,556.7398383711712
2018-08-20,4.720733931257342,1,0.0,556.8019016436608
2018-08-21,2.860751566567512,1,0.0,554.1167591752965
2018-08-22,2.619213042907117,1,0.0,555.1040810482804
2018-08-23,3.274836882317716,1,0.0,555.4615811681689
2018-08-24,3.136309145832367,1,0.0,552.8475639411358
2018-08-25,2.871355367057725,1,0.0,553.5347956854303
2018-08-26,3.285682422592917,1,0.0,552.3176509491816
2018-08-27,2.5969978197856367,1,0.0,552.9268304854279
2018-08-28,2.6500615863044157,1,0.0,556.3996657460341
2018-08-29,2.143987948607326,1,0.0,555.5723166876235
2018-08-30,1.5301387384702325,1,0.0,549.52470919548
2018-08-31,3.2673431614154054,1,0.0,553.8537208821464
2018-09-01,2.785319254033842,1,0.0,557.0049367929047
2018-09-02,3.2269701982559047,1,0.0,557.0792787098761
2018-09-03,2.293221145122584,1,0.0,552.8254222468894
2018-09-04,1.2255794181308275,1,0.0,557.6353159402296
2018-09-05,2.485712971727662,1,0.0,552.7438932795523
2018-09-06,1.7636572840258529,1,0.0,558.0414930373094
2018-09-07,1.1402790790219037,1,0.0,556.3997760338311
2018-09-08,1.9055325755226777,1,0.0,557.8265075741264
2018-09-09,1.8490025707458453,1,0.0,555.0817470704087
2018-09-10,2.1506286115520212,1,0.0,554.4152853456405
2018-09-11,1.3603004760863826,1,0.0,554.7950287049272
2018-09-12,1.8964467159060048,1,0.0,556.9558435538535
2018-09-13,0.5944383971574752,1,0.0,558.2022161360575
2018-09-14,0.6168553115860272,1,0.0,555.6976666412118
2018-09-15,1.9933950328190742,1,0.0,554.377506983922
2018-09-16,2.0586446413469677,1,0.0,556.1671446147442
2018-09-17,1.8242655087983657,1,0.0,553.4751325669581
2018-09-18,0.5210232269891459,1,0.0,553.1443693262681
2018-09-19,1.4790805680322245,1,0.0,559.9683854871568
2018-09-20,1.7126961399143352,1,0.0,556.0720214847657
2018-09-21,0.6129722743357353,1,0.0,552.1695620098376
2018-09-22,0.8562437225860235,1,0.0,554.9998274074417
2018-09-23,0.376193547774595,1,0.0,551.7638202933509
2018-09-24,1.1152868986704576,1,0.0,553.6169573603528
2018-09-25,-0.1829740540667667,1,0.0,554.0531869580876
2018-09-26,0.27856277287890086,1,0.0,552.8364447467628
2018-09-27,-0.40008007384376454,1,0.0,555.6835166231093
2018-09-28,0.2189764233020352,1,0.0,555.7191053763019
2018-09-29,0.48478073572985625,1,0.0,551.6930733656491
2018-09-30,-0.28299343659701226,1,0.0,552.5396364290327
2018-10-01,0.45013560758015503,1,0.0,552.8592142043802
2018-10-02,-0.3332490857506529,1,0.0,555.8638836470242
2018-10-03,0.2363726980360148,1,0.0,553.8858398126297
2018-10-04,0.3732314336307696,1,0.0,555.3277889093607
2018-10-05,-0.11113680284223348,1,0.0,554.2267530338512
2018-10-06,-0.3918043838017994,1,0.0,556.1254077505263
2018-10-07,-0.8166911371972787,1,0.0,552.9647281849246
2018-10-08,-0.8859904974288422,0,0.0,550.2388503975438
2018-10-09,-0.681753366818264,0,0.0,550.5099969713815
2018-10-10,-0.5441754429613797,0,0.0,551.839287792955
2018-10-11,-0.14654251862685452,0,0.0,549.8286780265967
2018-10-12,-0.958447258247361,0,0.0,550.2805314258728
2018-10-13,-0.38939908693168745,0,0.0,550.6104980290793
2018-10-14,-1.1479537453855235,0,0.0,551.7871327432082
2018-10-15,-1.392064594433051,0,0.0,548.4073997871882
2018-10-16,-1.3376612640323946,0,0.0,550.1827588451968
2018-10-17,-1.134888450613703,0,0.0,549.2116048512379
2018-10-18,-0.5024443543861145,0,0.0,557.2390019653442
2018-10-19,-1.1329041391857895,0,0.0,550.3846126949853
2018-10-20,-1.481716618864426,0,0.0,551.4682878897586
2018-10-21,-1.6619070078786624,0,0.0,551.0845757739913
2018-10-22,-1.6785274450779852,0,0.0,547.4448141921471
2018-10-23,-2.4717447752979105,0,0.0,547.5185583303354
2018-10-24,-2.3179153892486686,0,0.0,548.8784833533139
2018-10-25,-2.0030870569479733,0,0.0,552.388973102445
2018-10-26,-1.718756403074103,0,0.0,550.6608141300148
2018-10-27,-2.0695311892432326,0,0.0,555.0827158334062
2018-10-28,-2.334945723983217,0,0.0,548.5116541899889
2018-10-29,-2.568847733391656,0,0.0,547.6093964074033
2018-10-30,-2.12802268879367,0,0.0,551.1258528319742
2018-10-31,-1.9228552934296672,0,0.0,548.1724374052621
2018-11-01,-2.446608051688821,0,0.0,552.5277923505747
2018-11-02,-2.6433833230906005,0,0.0,551.0792114556752
2018-11-03,-3.404637424884739,0,0.0,552.5465949661592
2018-11-04,-2.782446781932153,0,0.0,548.7850974084032
2018-11-05,-2.677680147328776,0,0.0,556.1391066638497
2018-11-06,-3.8482403601622144,0,0.0,551.7063184463923
2018-11-07,-2.8696465484059774,0,0.0,550.3709000774018
2018-11-08,-3.3837075679660202,0,0.0,549.9282543801692
2018-11-09,-3.2372649069404713,0,0.0,551.7072590146535
2018-11-10,-3.0363656851601415,0,0.0,547.7478452972236
2018-11-11,-3.336478820372953,0,0.0,551.0572604321892
2018-11-12,-3.6914420156809524,0,0.0,549.7336140671671
2018-11-13,-4.336348480765396,0,0.0,552.0484740005342
2018-11-14,-3.791143470659847,0,0.48797719628952735,555.7265311416465
2018-11-15,-3.39033455916113,0,0.0,555.8737167295143
2018-11-16,-3.2654082802524034,0,0.0,554.1281631324379
2018-11-17,-3.194200746523757,0,0.0,553.870282777517
2018-11-18,-3.0007709661686297,0,0.0,554.6625247134193
2018-11-19,-3.150818871197116,0,0.0,553.8855814758955
2018-11-20,-3.3195896246324486,0,0.0,555.9492124865114
2018-11-21,-4.118048311505227,0,0.0,551.140192576516
2018-11-22,-3.545820870365647,0,0.0,548.8414105746275
2018-11-23,-4.149259142195728,0,0.0,550.826473515568
2018-11-24,-4.416416628605094,0,0.0,552.4804973070761
2018-11-25,-4.286161973196955,0,0.0,551.8493916688727
2018-11-26,-4.820245181871074,0,0.0,548.9239089555535
2018-11-27,-4.705704341673765,0,0.0,551.7914411587086
2018-11-28,-4.342687609264129,0,0.0,549.6972301745876
2018-11-29,-4.028814101666134,0,0.0,550.3568506677444
2018-11-30,-4.8374282473839765,0,0.0,552.6726572859783
2018-12-01,-4.541291992998012,0,0.0,551.1345796360837
2018-12-02,-3.2763676853830264,0,0.0,550.1781220623882
2018-12-03,-3.8138229412131315,0,0.0,548.2296204745194
2018-12-04,-5.33001354789316,0,0.0,547.2177048860565
2018-12-05,-4.73842606623085,0,0.0,555.1307738345472
2018-12-06,-4.074822043233271,0,0.0,550.2429650990036
2018-12-07,-4.433591225084256,0,0.0,551.1311978740493
2018-12-08,-4.1591874690296535,0,0.0,548.8670146593116
2018-12-09,-4.674111934320436,0,0.0,544.2484079321173
2018-12-10,-4.657883381686561,0,0.0,545.9533953551392
2018-12-11,-4.453893540738763,0,0.0,544.834521171114
2018-12-12,-4.3600004619243435,0,0.0,547.7348066205892
2018-12-13,-4.399927798804078,0,0.0,547.3647089452727
2018-12-14,-4.431968239647819,0,0.0,552.8482429805694
2018-12-15,-4.359891475763697,0,0.0,551.5034392108155
2018-12-16,-4.793775321411597,0,0.0,551.3971447404975
2018-12-17,-5.706577052687432,0,0.0,553.1108696922075
2018-12-18,-5.081488520701524,0,0.0,553.0059181252333
2018-12-19,-5.1569330368575494,0,0.0,553.108169222516
2018-12-20,-5.307208280543404,0,0.0,550.5968851609364
2018-12-21,-4.899225754248856,0,0.0,549.4126048312515
2018-12-22,-5.2932674974456155,0,0.0,548.5162194641223
2018-12-23,-5.642829784125661,0,0.0,549.9811267404172
2018-12-24,-4.989540167645742,1,0.0,549.9924045838936
2018-12-25,-4.744280086736099,1,0.0,550.9358537889813
2018-12-26,-3.975905579009977,1,0.0,552.5158890160891
2018-12-27,-4.91464348913391,1,0.0,556.2101140718484
2018-12-28,-5.38171637119524,1,0.0,553.9833768948913
2018-12-29,-4.95804057481452,1,0.0,551.4815677246794
2018-12-30,-5.102076421626408,1,0.0,555.0156934913176
2018-12-31,-4.286328259162697,1,0.0,552.474308275392
2019-01-01,-6.36045015786674,1,0.0,553.7082902795394
2019-01-02,-4.5681564058443795,1,0.0,551.9084513404005
2019-01-03,-4.738889164175138,1,0.0,552.2088027478137
2019-01-04,-4.567464623838789,1,0.0,557.2831206582711
2019-01-05,-5.582948416572628,1,0.0,551.1062606337774
2019-01-06,-4.478620233751305,1,0.0,550.9198477838952
2019-01-07,-4.931110854381298,1,0.0,554.1124608984096
2019-01-08,-4.615241294296185,1,0.0,553.9248437375416
2019-01-09,-4.33344878136512,1,0.0,549.8262318412294
2019-01-10,-4.641157050192247,1,0.0,552.2278307910868
2019-01-11,-5.338055198899277,1,0.0,549.2682698312967
2019-01-12,-5.169312162639858,1,0.0,556.8862744253697
2019-01-13,-5.152606834335271,1,0.0,551.0246313435644
2019-01-14,-5.439236190915332,1,0.0,553.5368226331286
2019-01-15,-4.926611782833123,1,0.0,553.6587820158871
2019-01-16,-4.882903077954335,1,0.0,551.8115491707098
2019-01-17,-4.146873254972091,1,0.0,554.1417600278143
2019-01-18,-5.278313810588348,1,0.0,554.9089663402975
2019-01-19,-4.97319628901926,1,0.0,552.6649105767765
2019-01-20,-4.312800726162626,1,0.0,552.2093894896273
2019-01-21,-4.456725743612307,1,0.0,547.7628220759675
2019-01-22,-4.5610953908809115,0,0.0,547.3877308929418
2019-01-23,-5.5314755461701495,0,0.0,549.4114381248754
2019-01-24,-3.9192854829913273,0,0.0,547.8709720653854
2019-01-25,-5.1779160260865975,0,0.0,549.6292559873609
2019-01-26,-3.4591123938601807,0,0.0,547.8217791071833
2019-01-27,-4.8099350958410385,0,0.0,548.9709603000979
2019-01-28,-3.9334949330343902,0,0.0,549.23510631139
2019-01-29,-4.277504944429286,0,0.0,552.7775967299023
2019-01-30,-4.37178182090793,0,0.0,547.9396024980655
2019-01-31,-4.459108629084737,0,0.0,549.054604692218
2019-02-01,-3.887454894109088,0,0.0,549.1485439694793
2019-02-02,-4.899706323706992,0,0.0,546.0914646447515
2019-02-03,-3.9124664810353544,0,0.0,545.4057168896979
2019-02-04,-3.82802243355658,0,0.0,555.5001983711734
2019-02-05,-4.583023810049398,0,0.0,548.0215909706213
2019-02-06,-3.7515045078234173,0,0.0,550.0091903138713
2019-02-07,-3.7236894561983167,0,0.0,547.138779684188
2019-02-08,-4.180383998351674,0,0.0,550.8165476371706
2019-02-09,-4.698808265847337,0,0.0,548.1627299006473
2019-02-10,-3.997699850031757,0,0.0,548.5544006262087
2019-02-11,-4.325820012209992,0,0.0,547.0665840675192
2019-02-12,-3.5184949035823085,0,0.0,547.6436562761422
2019-02-13,-3.087052600087604,0,0.0,551.1178086758233
2019-02-14,-3.8331707177603214,0,0.0,545.1145447167119
2019-02-15,-3.1806948365409986,0,0.0,548.4528113132758
2019-02-16,-3.2457376477576414,0,0.0,549.9701961234117
2019-02-17,-3.614780529285421,0,0.0,550.264885767137
2019-02-18,-3.4395983726717114,0,0.0,550.9128477901594
2019-02-19,-4.355560178533041,0,0.0,550.8433702975851
2019-02-20,-2.7106311887152295,0,0.0,548.7685583803823
2019-02-21,-3.421163167988322,0,0.0,548.6541697518082
2019-02-22,-2.4853286735048687,0,0.0,548.3394529959251
2019-02-23,-3.819509396933891,0,0.0,545.8016633477391
2019-02-24,-3.14724554543703,0,0.0,548.8387212879258
2019-02-25,-2.5644021773854555,0,0.0,548.9412652663906
2019-02-26,-1.72387572304677,0,0.0,551.314986181087
2019-02-27,-2.512718161141505,0,0.0,546.6751347250461
2019-02-28,-2.7623340681366533,0,0.0,547.6726368660445
2019-03-01,-3.0423628881115947,0,0.0,548.1452678142342
2019-03-02,-3.095944465833074,0,0.0,549.5644814711068
2019-03-03,-2.4464150145945736,0,0.0,547.6442916163359
2019-03-04,-2.3501567964514645,0,0.0,546.4056694745872
2019-03-05,-2.8983856048687393,0,0.0,548.366274719316
2019-03-06,-2.9148164433545904,0,0.0,551.529410722899
2019-03-07,-2.0125869888365644,0,0.0,551.640114072298
2019-03-08,-2.814737038063607,0,0.0,551.0071157162697
2019-03-09,-2.6349201285017236,0,0.0,547.7245039864513
2019-03-10,-1.7749346056066682,0,0.0,549.5220043365628
2019-03-11,-1.1927073388691745,0,0.0,548.7177287730796
2019-03-12,-1.9223891908611601,0,0.0,548.3415834969328
2019-03-13,-2.114398522707216,0,0.0,549.3422254569131
2019-03-14,-1.3293058608687107,0,0.0,552.3482452876932
2019-03-15,-2.0879972622256164,0,0.0,548.3483722568749
2019-03-16,-1.3323547669847104,0,0.0,550.5325372979325
2019-03-17,-1.826707643329601,0,0.0,547.1160135784846
2019-03-18,-1.1651258033240623,0,0.0,547.3066015649847
2019-03-19,-0.15876874989885548,0,0.0,551.9587545792908
2019-03-20,-1.1580604039346656,0,0.0,548.0781829224908
2019-03-21,-0.8511294675042322,0,0.0,550.085345111339
2019-03-22,-0.9899829641181649,0,0.0,552.5741664231429
2019-03-23,-1.0392678509772697,0,0.0,549.9108006971757
2019-03-24,-0.8440981795349259,0,0.0,551.5663229896895
2019-03-25,-1.034717873445387,0,0.0,551.6683998719905
2019-03-26,-0.5441182255507309,0,0.0,548.9125600911178
2019-03-27,0.6127197942131875,0,0.0,551.3364999454013
2019-03-28,-0.7569321184731365,0,0.0,551.8184477874182
2019-03-29,-0.48685944584277907,0,0.0,549.247615576853
2019-03-30,-0.05881969801449602,0,0.0,550.4691266288917
2019-03-31,-0.3289020356076955,0,0.0,549.0067929562017
2019-04-01,-0.058127941073897606,0,0.0,548.0650404246285
2019-04-02,-0.5645038940255632,0,0.0,551.1962462844186
2019-04-03,0.4608173970387045,0,0.0,547.8668861734063
2019-04-04,-0.15731213331785693,0,0.0,546.9413201092002
2019-04-05,-0.17426637315717608,0,0.0,550.4887885111507
2019-04-06,0.7926625938649137,0,0.0,546.8394905885946
2019-04-07,0.5813987559723416,0,0.0,546.1910413041153
2019-04-08,1.0672989607263463,0,0.0,550.2896565839701
2019-04-09,0.12454401462775777,1,0.0,550.5202831188093
2019-04-10,-0.03137293613447234,1,0.0,551.6279753138358
2019-04-11,0.1703207799428269,1,0.0,554.7324962407187
2019-04-12,0.7094624017619263,1,0.0,552.0748403472288
2019-04-13,0.9243642480427615,1,0.0,551.8539197684676
2019-04-14,0.7551720446529938,1,0.0,550.0416968953247
2019-04-15,0.5630427084376656,1,0.0,548.9245461335205
2019-04-16,1.8377341340075501,1,0.0,555.0840656396899
2019-04-17,0.42453802323708745,1,0.0,554.1403025296414
2019-04-18,1.544693865897347,1,0.0,551.7292933296585
2019-04-19,1.664920561503026,1,0.0,551.2612752341752
2019-04-20,1.0789169208915967,1,0.0,554.1233507743451
2019-04-21,1.0883434977909088,1,0.0,547.9570602522467
2019-04-22,0.7065378415327354,1,0.0,548.4631849869751
2019-04-23,1.617418517642917,1,0.0,550.629102196708
2019-04-24,1.6834408569088253,1,0.0,553.6713671586809
2019-04-25,1.4785594166323128,1,0.0,553.1492188600544
2019-04-26,1.917843977724852,1,0.0,551.7860687949027
2019-04-27,1.5824298603498685,1,0.0,549.1150605322465
2019-04-28,1.4956491098451505,1,0.0,550.536145226862
2019-04-29,2.6026930287505836,1,0.0,551.3572707343136
2019-04-30,2.3554117183800045,0,0.0,550.0932504942002
2019-05-01,1.8302317053224435,0,0.0,547.9089061389192
2019-05-02,2.235248292562793,0,0.0,549.5062975319252
2019-05-03,2.75985144712292,0,0.0,546.953706945447
2019-05-04,2.9520455326106383,0,0.0,550.7914632987603
2019-05-05,2.8012198613460155,0,0.0,547.5563361886351
2019-05-06,2.579141679032789,0,0.0,546.1442406321183
2019-05-07,2.7136551885142777,0,0.0,548.0683957162781
2019-05-08,2.9009410354809324,0,0.0,548.7641011167152
2019-05-09,2.2179341597722178,0,0.0,549.743847534657
2019-05-10,3.6215950707005065,0,0.0,549.0797657116761
2019-05-11,3.2862788487493977,0,0.0,546.255990505416
2019-05-12,3.7162062019163833,0,0.0,545.7661925194612
2019-05-13,3.812260441282976,0,0.0,545.8954736883807
2019-05-14,3.7323521280573813,0,0.0,551.3062172309067
2019-05-15,3.594421316653061,0,0.0,546.1844586881565
2019-05-16,3.451089024579846,0,0.0,547.9037262313625
2019-05-17,4.080297133889978,0,0.0,550.1163546335878
2019-05-18,3.9968359850995334,0,0.0,547.2821888935276
2019-05-19,3.377522887505931,0,0.0,548.889035970906
2019-05-20,3.7630755625340218,0,0.0,550.8676451738139
2019-05-21,4.559838448572561,0,0.0,552.2616318107115
2019-05-22,3.4172977992359317,0,0.0,552.0336389631032
2019-05-23,4.785873486857365,0,0.0,550.6815539765993
2019-05-24,3.6113157230817,0,0.0,549.6481264419102
2019-05-25,3.3384740663304915,0,0.0,549.9951352597084
2019-05-26,3.639760872037731,0,0.0,550.4035126158225
2019-05-27,4.3339783650720145,0,0.0,551.0848134787616
2019-05-28,3.727784348839868,0,0.0,547.7799081705784
2019-05-29,3.9922821898890355,0,0.0,551.517512270053
2019-05-30,3.551996142538226,0,0.0,548.9783987271542
2019-05-31,4.3526460166182375,0,0.0,550.2878297261846
2019-06-01,4.501472828212588,0,0.0,550.0634156570272
2019-06-02,4.763673862861115,0,0.0,545.4951226742756
2019-06-03,3.7595104420927052,0,0.0,545.4521352444599
2019-06-04,4.545894022247507,0,0.0,548.6710642098831
2019-06-05,4.299399856898113,0,0.0,546.1596482960846
2019-06-06,5.406383620671666,0,0.0,548.4866266195103
2019-06-07,4.829121525706586,0,0.0,548.6792239953589
2019-06-08,4.847782814751385,0,0.0,543.679757064466
2019-06-09,3.907464918509839,0,0.0,549.327742160453
2019-06-10,4.264328429847658,0,0.0,553.7823571469723
2019-06-11,4.47214778006346,0,0.0,547.8844258527967
2019-06-12,4.206547603657263,0,0.0,551.021611480063
2019-06-13,5.201571795137729,0,0.0,550.0075023485608
2019-06-14,5.45100652061846,0,0.0,549.2252958711686
2019-06-15,5.0749840075291,0,0.0,547.0785299169395
2019-06-16,5.176866289443925,0,0.0,547.6948313182079
2019-06-17,5.198577386038465,0,0.0,549.0234427285411
2019-06-18,5.347600200029181,0,0.0,547.2504658923011
2019-06-19,4.471502644994982,0,0.0,546.962753811647
2019-06-20,4.427929647442354,0,0.0,549.7492053469327
2019-06-21,5.040148626109595,0,0.0,544.3088732331603
2019-06-22,5.159085919914707,0,0.0,548.0966771351129
2019-06-23,4.914923106573342,0,0.0,550.0119453282201
2019-06-24,5.289477749271689,0,0.0,549.0796599948809
2019-06-25,4.702737498329054,0,0.0,551.1879625763562
2019-06-26,4.958121166997914,0,0.0,545.3927993599126
2019-06-27,5.209204965363257,0,0.0,545.8780951763154
2019-06-28,4.341211731411122,0,0.0,547.4982263825775
2019-06-29,4.241604559665954,0,0.0,547.7755497815378
2019-06-30,5.226781670740521,0,0.0,547.72692778786
2019-07-01,3.8387609346041236,0,0.0,552.3719968867169
2019-07-02,5.039004165048948,0,0.0,551.4642553687846
2019-07-03,5.012942503743652,0,0.0,550.3111227049333
2019-07-04,5.069101705798559,0,0.0,548.4198645578939
2019-07-05,5.31839380043111,0,0.0,547.0313730400435
2019-07-06,4.466542581069988,0,0.0,546.8545191657257
2019-07-07,4.3518512382181065,0,0.0,553.1620403676294
2019-07-08,4.35337643199497,0,0.0,551.0449801034214
2019-07-09,5.161128726072065,0,0.36276732721900307,553.8794365743432
2019-07-10,4.53451370729163,0,0.0,554.6506561444635
2019-07-11,4.003138692097748,0,0.0,553.5493610519304
2019-07-12,5.034018265622834,0,0.0,545.6017575820952
2019-07-13,5.4194508174893645,0,0.6057232744117811,564.3455685754419
2019-07-14,4.44431023822109,0,0.0,560.3720838734747
2019-07-15,4.99929471755172,0,0.0,559.6876749284176
2019-07-16,5.08194310063407,1,0.0,556.1007835497492
2019-07-17,4.278522286003476,1,0.0,557.7050238158796
2019-07-18,4.411975359590371,1,0.0,556.0047797704751
2019-07-19,5.531299387843234,1,0.0,553.493701010463
2019-07-20,5.302981100018272,1,0.0,557.3488204472301
2019-07-21,4.430244306357105,1,0.0,555.5268830144981
2019-07-22,4.854452042047998,1,0.0,555.1811577168927
2019-07-23,4.895257096242076,1,0.0,551.7578202738858
2019-07-24,4.6409846153409555,1,0.0,549.5440493392904
2019-07-25,4.960051044464358,1,0.0,554.8542654999832
2019-07-26,5.108908097236457,1,0.0,550.8068659137272
2019-07-27,4.793126796576418,1,0.0,549.810512323652
2019-07-28,4.389085803122294,1,0.0,551.6764491795046
2019-07-29,5.118936130369872,1,0.0,549.8100197843584
2019-07-30,3.538617523675468,1,0.0,549.5751834663366
2019-07-31,4.0537806780348,1,0.0,550.553215867313
2019-08-01,4.098529024945834,1,0.0,552.6656968090115
2019-08-02,4.975732031529149,1,0.0,552.8636081629608
2019-08-03,4.208081377335362,1,0.0,553.5163752778825
2019-08-04,3.6672348912736425,1,0.0,550.8084426944482
2019-08-05,4.1129506658231465,1,0.0,552.6927402890607
2019-08-06,4.446694718603792,1,0.0,553.3597949790616
2019-08-07,4.75522611507158,1,0.0,552.7655081488637
2019-08-08,3.0753544820651384,1,0.0,551.3668990700858
2019-08-09,3.7430393317950377,1,0.0,550.71092447731
2019-08-10,3.8277032212058257,1,0.0,547.7479305997995
2019-08-11,3.692965566275732,1,0.0,551.4172699149814
2019-08-12,3.2892239167365993,1,0.0,552.1359157697171
2019-08-13,4.257672292829882,1,0.0,552.0111233901446
2019-08-14,4.0261859255247625,1,0.0,554.423111736659
2019-08-15,3.767535308675611,1,0.0,550.4430334695367
2019-08-16,2.9105048023148803,1,0.0,554.0209226220876
2019-08-17,2.3433072778031487,1,0.0,547.982895235329
2019-08-18,3.885073105294771,1,0.0,554.4007789064638
2019-08-19,3.960815100145003,1,0.0,551.4549092258201
2019-08-20,2.8413840484825634,1,0.0,546.813998185184
2019-08-21,3.482435869969243,1,0.0,550.4789932421704
2019-08-22,3.4252375092111,1,0.0,551.5672042599231
2019-08-23,3.4037266428092368,1,0.0,551.0904578171009
2019-08-24,2.800625481540689,1,0.0,547.9441384390282
2019-08-25,3.144934075224631,1,0.0,552.4132402793246
2019-08-26,3.05196570675471,1,0.0,547.8976076403135
2019-08-27,2.878786916853736,1,0.0,551.8753460112194
2019-08-28,2.3633907848979536,1,0.0,549.1304301157669
2019-08-29,2.966716008870972,1,0.0,549.7981173862705
2019-08-30,2.742256509170627,1,0.0,551.0033384592579
2019-08-31,2.652598066223333,1,0.0,552.5266716429711
2019-09-01,2.6889773569419395,1,0.0,545.3116269592106
2019-09-02,3.27811336282559,1,0.0,547.1011017160425
2019-09-03,2.5267682104875724,1,0.0,552.1714933926354
2019-09-04,2.1852412239194656,1,0.0,550.5975517698048
2019-09-05,1.7598531952309322,1,0.0,550.9537679133889
2019-09-06,1.9532032039715224,1,0.0,550.4088245189348
2019-09-07,1.688384350595887,1,0.0,551.2319160744187
2019-09-08,2.6470175621468277,1,0.0,552.3493646854475
2019-09-09,3.0106603996486787,1,0.0,548.2872707223352
2019-09-10,1.809868153833754,1,0.0,553.3169957332831
2019-09-11,1.6198153319266,1,0.0,552.8831002615437
2019-09-12,1.538189627381152,1,0.0,552.2692442093818
2019-09-13,0.7014305284243653,1,0.0,548.8490558903216
2019-09-14,1.3251058860441738,1,0.0,549.0336365995915
2019-09-15,1.106368231914364,1,0.0,552.8213678157671
2019-09-16,0.7822683567719223,1,0.0,553.413802260243
2019-09-17,1.3022982478276055,1,0.0,553.5449699820801
2019-09-18,0.9819662392235314,1,0.5756829824123343,561.2014449182155
2019-09-19,1.6366437636295341,1,0.0,558.6429068678075
2019-09-20,0.6590603610610599,1,0.0,557.0726157258281
2019-09-21,1.6426338588365663,1,0.0,555.670575976349
2019-09-22,1.0797616562019847,1,0.0,557.1893183131616
2019-09-23,1.8928354877219713,1,0.0,551.9636782106769
2019-09-24,0.6214817224001927,1,0.5175111926258124,561.271014503135
2019-09-25,1.1430395634574073,1,0.0,559.0802245702042
2019-09-26,0.8485319553363782,1,0.0,558.8219824734341
2019-09-27,-0.004512767525373551,1,0.0,559.7426373028024
2019-09-28,0.07074575843096736,1,0.0,557.0271953587636
2019-09-29,0.3579663566392021,1,0.0,554.7122668620461
2019-09-30,0.3210299657927842,1,0.0,553.3029219420773
2019-10-01,0.5611019101907615,1,0.0,552.0507116109987
2019-10-02,-0.5849555480682608,1,0.0,552.3894704350953
2019-10-03,0.5057055111989576,1,0.0,552.6293674412751
2019-10-04,0.2504666707367613,1,0.0,553.8949607798345
2019-10-05,-0.17091389062858808,1,0.0,549.9687566421686
2019-10-06,0.7314607786268434,1,0.0,549.2798077656885
2019-10-07,-0.7017401989380097,1,0.0,549.8401034295815
2019-10-08,-0.7986011550198504,0,0.0,550.106367358706
2019-10-09,-1.5146857078999152,0,0.0,552.3834571167148
2019-10-10,-0.529573462283233,0,0.0,546.9288464663863
2019-10-11,-0.39633723697721873,0,0.0,547.1266332297641
2019-10-12,-1.3843017818210495,0,0.0,546.5625332050919
2019-10-13,-1.0908481097702705,0,0.0,550.4998118584322
2019-10-14,-1.5887227346762067,0,0.0,546.9252243896038
2019-10-15,-0.833144961324952,0,0.0,545.4373773295156
2019-10-16,-1.3141288090333991,0,0.0,543.7142252190948
2019-10-17,-1.2253131308424314,0,0.0,548.9062394654001
2019-10-18,-1.139472014794075,0,0.0,548.4080839051768
2019-10-19,-0.828821194204014,0,0.0,543.4395962365467
2019-10-20,-1.5930839635076242,0,0.0,546.6473781871654
2019-10-21,-1.0562638046967254,0,0.0,545.3770650878431
2019-10-22,-1.8856262518230233,0,0.0,547.1721881569224
2019-10-23,-1.542561748137196,0,0.0,549.3940532713631
2019-10-24,-2.090327256940317,0,0.0,549.7452879717641
2019-10-25,-2.450616880819208,0,0.0,549.6074489372517
2019-10-26,-2.7514948583251746,0,0.0,541.6866509714536
2019-10-27,-1.939653800615956,0,0.0,547.8449849181237
2019-10-28,-2.0813344113778274,0,0.0,549.0752298687113
2019-10-29,-1.472844735591604,0,0.0,545.9616986098779
2019-10-30,-1.4423500163097274,0,0.0,547.486584283564
2019-10-31,-1.939447282756446,0,0.0,546.3126782405877
2019-11-01,-2.3612476376073612,0,0.0,547.2972467419838
2019-11-02,-2.9106566046828215,0,0.0,546.3219758904632
2019-11-03,-2.4380500928052755,0,0.0,546.065086510007
2019-11-04,-2.31672852286006,0,0.0,549.1111707557063
2019-11-05,-2.6300898428017057,0,0.0,545.7380059705962
2019-11-06,-3.1484655724077277,0,0.0,544.1958171054072
2019-11-07,-3.050943779255571,0,0.0,548.067424122136
2019-11-08,-2.6379029191105947,0,0.0,547.8238519336693
2019-11-09,-2.589165922308534,0,0.0,545.7597221390886
2019-11-10,-2.977246131674037,0,0.0,545.4732243190421
2019-11-11,-3.7727209298034468,0,0.0,547.129740821783
2019-11-12,-3.4470063884925883,0,0.43371012842831447,553.2666533788761
2019-11-13,-2.796584786114104,0,0.0,550.5247120623186
2019-11-14,-2.9055932389350145,0,0.0,555.1588771880233
2019-11-15,-3.564419147239536,0,0.0,548.2338528454839
2019-11-16,-4.168758704355149,0,0.0,549.5224674330562
2019-11-17,-3.5758085122338232,0,0.0,545.5280678090762
2019-11-18,-4.519345456356542,0,0.0,549.0704479016491
2019-11-19,-3.6526195434508324,0,0.0,548.1672094431145
2019-11-20,-4.315730625525469,0,0.0,547.8053618138374
2019-11-21,-3.9038469000244476,0,0.0,549.9064585289877
2019-11-22,-3.337865229758392,0,0.0,545.9688070887445
2019-11-23,-4.220612109065185,0,0.0,548.4317536402546
2019-11-24,-4.0593263419649706,0,0.0,546.3954239846781
2019-11-25,-3.5042651978170327,0,0.0,547.9259205122407
2019-11-26,-4.141912823438132,0,0.0,546.5987040570761
2019-11-27,-4.443404416232291,0,0.0,547.1613791402472
2019-11-28,-4.254460619026368,0,0.0,548.6172631012344
2019-11-29,-3.936019319351043,0,0.0,547.8148466410287
2019-11-30,-4.945176207868571,0,0.0,547.0532425148104
2019-12-01,-4.311499371030391,0,0.0,545.8939280029965
2019-12-02,-4.760284815402806,0,0.0,545.9633515773608
2019-12-03,-4.386592530634997,0,0.0,546.2615288525553
2019-12-04,-3.612417091964567,0,0.0,543.7724508618494
2019-12-05,-4.798776240856084,0,0.0,548.816591899229
2019-12-06,-4.142581332471616,0,0.0,545.6526009981422
2019-12-07,-4.058964853787066,0,0.0,544.1448873386312
2019-12-08,-4.5969868975955706,0,0.0,542.3889576053322
2019-12-09,-4.38520494755905,0,0.0,547.9911648271504
2019-12-10,-4.9966513971921165,0,0.0,546.2419417941634
2019-12-11,-4.644959576147102,0,0.0,546.5804317440806
2019-12-12,-5.209174940178247,0,0.0,550.0418990950902
2019-12-13,-4.895264153287254,0,0.0,544.5365577397598
2019-12-14,-4.281357103037623,0,0.0,545.1266092435576
2019-12-15,-5.515956735708361,0,0.0,545.9365454960307
2019-12-16,-4.940786623021415,0,0.0,549.2984978981573
2019-12-17,-5.153868393134472,0,0.0,545.1906320736812
2019-12-18,-4.379684397648097,0,0.0,543.3926983562657
2019-12-19,-4.832696977383437,0,0.0,546.1515640942066
2019-12-20,-6.058899747929696,0,0.0,545.1626556304712
2019-12-21,-4.602701931809009,0,0.0,547.236491574226
2019-12-22,-4.949346624575841,0,0.0,543.8622504463731
2019-12-23,-4.988974682044483,0,0.0,542.772174422091
2019-12-24,-5.504439964382179,1,0.0,548.9014393691072
2019-12-25,-4.664951092233554,1,0.0,543.1466957674527
2019-12-26,-4.693303246167238,1,0.0,551.6272896320598
2019-12-27,-5.230866218648042,1,0.0,549.016590622664
2019-12-28,-5.089025659665387,1,0.0,550.4751442496508
2019-12-29,-4.934617784591987,1,0.0,552.1329119032622
2019-12-30,-4.117310962419706,1,0.0,549.9858465003739
2019-12-31,-4.838362003325455,1,0.0,545.2640326468425
2020-01-01,-4.292648096950121,1,0.0,547.2243357875849
2020-01-02,-4.890741599125416,1,0.0,547.3495885094324
2020-01-03,-4.860069743359833,1,0.0,547.9507743840629
2020-01-04,-4.774195664918365,1,0.0,551.1981038989595
2020-01-05,-4.430205722310487,1,0.0,544.5417005444682
2020-01-06,-5.637032756090701,1,0.0,546.0530331736892
2020-01-07,-4.716414025100091,1,0.0,547.8967703776697
2020-01-08,-5.16179035916069,1,0.0,547.626302372337
2020-01-09,-5.8566185760816,1,0.0,548.6169532073286
2020-01-10,-4.823751257978927,1,0.0,547.6851931201362
2020-01-11,-4.5058790381155065,1,0.0,545.5277942645289
2020-01-12,-6.013020431975712,1,0.0,549.1567039249675
2020-01-13,-4.945921216846557,1,0.0,549.6336392072724
2020-01-14,-4.451800889146176,1,0.0,548.8728234898006
2020-01-15,-4.503498089273431,1,0.0,546.5792421744732
2020-01-16,-4.727925818144111,1,0.0,546.7816390402176
2020-01-17,-4.457337732276496,1,0.43312580247562965,554.4998910406304
2020-01-18,-3.8480000057786574,1,0.0,555.3356635816449
2020-01-19,-4.82697177944663,1,0.0,556.9587561880562
2020-01-20,-4.371694928040453,1,0.0,551.2799794901416
2020-01-21,-5.097950798698351,1,0.0,552.4773558020904
2020-01-22,-5.044492095579913,0,0.0,553.3988613806459
2020-01-23,-4.549494950940018,0,0.0,554.972224616227
2020-01-24,-4.501628070334453,0,0.0,542.3915376709955
2020-01-25,-4.215940006002903,0,0.0,546.4360504321561
2020-01-26,-4.9674973388127786,0,0.0,544.2372772036329
2020-01-27,-4.782678847516723,0,0.0,551.7120084063293
2020-01-28,-4.388436154444683,0,0.0,548.625179683507
2020-01-29,-4.421594004936207,0,0.0,545.7725187035891
2020-01-30,-4.406788145785969,0,0.0,546.8415045894612
2020-01-31,-4.661794380878414,0,0.0,547.1928260289952
2020-02-01,-4.72753844703828,0,0.0,544.6727855237434
2020-02-02,-4.643034904228747,0,0.0,542.9725631439447
2020-02-03,-4.720104211086566,0,0.0,547.7701205780767
2020-02-04,-4.144069242912038,0,0.0,548.7324294949454
2020-02-05,-3.9664246947157147,0,0.0,545.0397680546452
2020-02-06,-3.929066103899832,0,0.0,549.1346042706238
2020-02-07,-4.399796905932749,0,0.0,543.7821222733178
2020-02-08,-4.31151909894665,0,0.0,550.2315721068527
2020-02-09,-4.388785849272371,0,0.0,547.9972318276384
2020-02-10,-3.987547442872484,0,0.0,544.9132072430378
2020-02-11,-3.7640421832741597,0,0.0,548.4228461368439
2020-02-12,-3.3882646331969717,0,0.0,547.3979235683162
2020-02-13,-3.508764167724017,0,0.0,548.0836912155523
2020-02-14,-3.5570014781588286,0,0.0,544.2907821625431
2020-02-15,-3.7583561851281075,0,0.0,545.5432803554827
2020-02-16,-3.7669523712440123,0,0.0,547.2573037210134
2020-02-17,-3.8026134517634773,0,0.0,539.1340372584174
2020-02-18,-3.962586821619243,0,0.0,548.5906462843026
2020-02-19,-4.1747326416235655,0,0.0,549.4089643968466
2020-02-20,-2.4069452198557695,0,0.0,545.2196284428634
2020-02-21,-3.958989422853627,0,0.0,546.9616979682858
2020-02-22,-2.494455675258527,0,0.0,544.0681087600558
2020-02-23,-2.7014813276839735,0,0.0,545.4868973400498
2020-02-24,-2.8252345679916346,0,0.0,547.8437645295256
2020-02-25,-2.8955528108555195,0,0.0,541.3224029368396
2020-02-26,-2.9505879355464892,0,0.0,546.737244491403
2020-02-27,-3.0230031598164775,0,0.0,545.8907510574317
2020-02-28,-2.083125460404408,0,0.0,544.4877138184295
2020-02-29,-3.0992645903308875,0,0.0,544.2948009251442
2020-03-01,-2.7566367595630434,0,0.0,549.7071612544921
2020-03-02,-2.4773541978746256,0,0.0,542.7454195573912
2020-03-03,-2.9320035936759896,0,0.0,543.352847835232
2020-03-04,-2.750509763057885,0,0.0,541.8303595875678
2020-03-05,-2.597508677568337,0,0.0,548.8751952499333
2020-03-06,-1.4407098042645512,0,0.0,544.3180209049725
2020-03-07,-3.0186194794193306,0,0.0,548.5434577350295
2020-03-08,-2.4303459160559417,0,0.0,548.7235961825326
2020-03-09,-2.1636371999769226,0,0.0,544.431904255058
2020-03-10,-1.4623534219836116,0,0.0,545.1206419042128
2020-03-11,-2.174828909775705,0,0.0,546.9191419389634
2020-03-12,-1.614819700567267,0,0.0,542.8756616073982
2020-03-13,-1.099008972796328,0,0.0,551.1305893499713
2020-03-14,-0.8101457093236927,0,0.0,543.3705174358263
2020-03-15,-1.7403155067523628,0,0.0,545.6269774680773
2020-03-16,-1.6825418686533442,0,0.0,547.2161433029429
2020-03-17,-0.2947591338142468,0,0.0,541.8989454974596
2020-03-18,-1.3527534414881974,0,0.0,541.4172971485622
2020-03-19,-0.647223168158298,0,0.0,543.058217722783
2020-03-20,-1.1330366825325564,0,0.0,546.9982571760208
2020-03-21,-0.9294371452024244,0,0.0,549.0770261691758
2020-03-22,-0.16156049688586516,0,0.0,545.0436409667565
2020-03-23,-1.0692437483285337,0,0.0,546.9598385314732
2020-03-24,-0.5454174727216172,0,0.0,545.5062974185076
2020-03-25,-0.27108378775363695,0,0.0,550.3986053432221
2020-03-26,-1.1175858200384767,0,0.0,546.5947921437319
2020-03-27,0.18190782926396298,0,0.0,547.8560462923863
2020-03-28,0.055115171215887715,0,0.0,547.5655332212918
2020-03-29,-1.2053775095093906,0,0.0,544.6284141075135
2020-03-30,0.011431138568283095,0,0.0,546.7417237069964
2020-03-31,0.6955621527545669,0,0.0,544.5341998186317
2020-04-01,-1.3039490682007313,0,0.0,542.560568961695
2020-04-02,-0.3670967427463163,0,0.0,540.1906420193056
2020-04-03,0.3283263666497489,0,0.0,545.2796618230592
2020-04-04,-0.14855642801710184,0,0.0,544.8017868516828
2020-04-05,0.07299986362659158,0,0.0,545.6776964370488
2020-04-06,0.2275725817029853,0,0.0,546.1069856985374
2020-04-07,0.21084150384323908,0,0.0,545.0421875503
2020-04-08,0.8135723577291035,1,0.0,543.807134987845
2020-04-09,0.5739761853131585,1,0.0,550.356547074283
2020-04-10,0.44815010422462564,1,0.0,548.6048097123571
2020-04-11,0.6059549206084562,1,0.0,553.2165606849736
2020-04-12,1.1123489069825625,1,0.0,552.6275010843262
2020-04-13,1.948447250537674,1,0.0,549.3371949258883
2020-04-14,1.269909557352566,1,0.0,547.5420193398454
2020-04-15,0.4046406699898041,1,0.0,543.5989797646183
2020-04-16,0.15666143749854244,1,0.0,547.0948112197771
2020-04-17,1.3790643492397934,1,0.0,551.6736153034537
2020-04-18,2.0348337636341283,1,0.0,547.4596290711607
2020-04-19,1.86322136134213,1,0.0,545.2455796578033
2020-04-20,1.5800231317761047,1,0.0,550.2806753835694
2020-04-21,2.375716306553445,1,0.0,550.197255768946
2020-04-22,1.9120019260705317,1,0.0,546.2648034743096
2020-04-23,1.2504928250553868,1,0.0,554.2072090142769
2020-04-24,2.1829529102044165,1,0.0,548.2828786916845
2020-04-25,1.6989680421594056,1,0.0,550.8011305030172
2020-04-26,1.6433950660783485,1,0.0,549.3012820413186
2020-04-27,1.401942831705056,1,0.0,549.8416281080954
2020-04-28,2.3330053874803807,1,0.0,552.8181797515963
2020-04-29,2.269345465335248,0,0.0,542.1191376330097
2020-04-30,2.583959888553548,0,0.0,548.324905725966
2020-05-01,1.9076763400251053,0,0.0,546.4553131648202
2020-05-02,2.280760628452335,0,0.0,544.6741771946135
2020-05-03,2.6465199856951322,0,0.0,547.825076619465
2020-05-04,3.2464325595290364,0,0.0,546.4652677560199
2020-05-05,2.117129463708188,0,0.0,547.75008797675
2020-05-06,3.011620429566662,0,0.0,546.5602210639656
2020-05-07,2.404478119803686,0,0.0,547.4519720327391
2020-05-08,2.237440500490517,0,0.0,545.5591516447311
2020-05-09,3.452824394422178,0,0.0,545.2010520163337
2020-05-10,2.950319996654687,0,0.0,544.4328401660173
2020-05-11,3.423647619335739,0,0.0,548.119269081893
2020-05-12,3.320476688104203,0,0.0,546.3288024257357
2020-05-13,3.6624115871343417,0,0.0,544.4312864444316
2020-05-14,3.474842675957286,0,0.0,544.8731325839494
2020-05-15,2.996565439829566,0,0.0,542.8068905053663
2020-05-16,3.845007368229946,0,0.0,547.3739931181536
2020-05-17,3.0732283082977574,0,0.0,546.1574858632137
2020-05-18,3.9612081230425527,0,0.0,547.8779850732121
2020-05-19,4.114020466220104,0,0.0,546.4248220548757
2020-05-20,3.62592960926363,0,0.0,541.3882761848246
2020-05-21,3.7667607802000744,0,0.0,542.9864251426711
2020-05-22,3.678250172337303,0,0.0,540.7675721263109
2020-05-23,3.5027786727262225,0,0.0,543.8636947662019
2020-05-24,3.5209692146890514,0,0.0,544.6597713288605
2020-05-25,4.593837103926717,0,0.0,543.7357095623795
2020-05-26,3.5946660230068024,0,0.0,544.2098751590652
2020-05-27,4.333926107810425,0,0.0,549.4264352777408
2020-05-28,3.860117994496255,0,0.0,546.17575909285
2020-05-29,4.358492532863208,0,0.0,544.3586219178596
2020-05-30,3.62697464315168,0,0.0,545.4017268529248
2020-05-31,4.080286441530001,0,0.0,547.8535326802468
2020-06-01,4.9541541723990274,0,0.0,545.2615134020941
2020-06-02,4.138558144719012,0,0.0,544.1867719568058
2020-06-03,4.795569823832874,0,0.0,545.9414905348307
2020-06-04,4.8639815413814835,0,0.0,543.9940667534305
2020-06-05,4.922011294049489,0,0.0,546.2283101317621
2020-06-06,4.775288892472398,0,0.0,548.2221253459899
2020-06-07,5.080802184944858,0,0.0,543.9834705552845
2020-06-08,4.988652887632696,0,0.0,545.1922811837186
2020-06-09,5.667884535310506,0,0.0,549.3972327179682
2020-06-10,4.222884868619317,0,0.0,551.9158097095277
2020-06-11,4.868766076356713,0,0.0,542.4314757465281
2020-06-12,4.688770565624806,0,0.0,544.9753199842929
2020-06-13,5.358854394516766,0,0.0,546.3800375045906
2020-06-14,4.542007495434095,0,0.0,546.6899174132951
2020-06-15,4.416131752832001,0,0.0,547.1497770770656
2020-06-16,5.246783235094078,0,0.0,545.1297261865075
2020-06-17,5.205729092857404,0,0.0,545.6162887720088
2020-06-18,5.09714641769805,0,0.0,545.5288229714762
2020-06-19,5.183503892742731,0,0.0,544.422300332088
2020-06-20,4.278028518073708,0,0.0,546.4215976505664
2020-06-21,4.649260897672335,0,0.0,545.120378783175
2020-06-22,4.659741621503779,0,0.0,548.7728389952067
2020-06-23,4.456662036074485,0,0.0,548.5048957752275
2020-06-24,5.302448616938183,0,0.0,545.2024710558233
2020-06-25,4.781782837081801,0,0.0,547.7332483859503
2020-06-26,4.20592836351232,0,0.0,543.7839084868643
2020-06-27,5.282743464555886,0,0.0,543.9234888999255
2020-06-28,4.700486476037637,0,0.0,543.1189004960256
2020-06-29,5.503713080300291,0,0.0,552.0750687442301
2020-06-30,4.906934480368217,0,0.0,545.0944834178258
2020-07-01,5.488863686917968,0,0.0,548.150176484725
2020-07-02,5.06208140479027,0,0.0,541.4512984640717
2020-07-03,5.319884168988856,0,0.0,547.2221597759305
2020-07-04,4.6769848795895665,0,0.6699182264761793,553.8513687846951
2020-07-05,5.123928517437682,0,0.0,557.2235673768329
2020-07-06,5.230994242108382,0,0.0,553.3468198054699
2020-07-07,4.181273861463975,0,0.0,552.7192266091286
2020-07-08,4.825673287662453,0,0.0,551.6626128853198
2020-07-09,5.052895862766792,0,0.0,551.2518685281963
2020-07-10,5.116800166117908,0,0.0,549.4771312840999
2020-07-11,3.9273475494227785,0,0.0,549.523240762957
2020-07-12,4.925461675982107,0,0.0,553.4320624989133
2020-07-13,5.335892012023131,0,0.0,549.0362393292374
2020-07-14,4.766276438844965,0,0.0,545.6792776934032
2020-07-15,4.032404039538714,1,0.0,551.8407658806668
2020-07-16,5.140826730887828,1,0.0,552.3663546880998
2020-07-17,4.692937466804171,1,0.0,549.712559805109
2020-07-18,5.275542083731081,1,0.0,551.5230144083635
2020-07-19,5.917539817081311,1,0.0,547.9785505339964
2020-07-20,4.509256484293451,1,0.0,547.336320963017
2020-07-21,4.374456636942888,1,0.0,548.6816415560112
2020-07-22,5.098858078558759,1,0.0,546.493231963192
2020-07-23,5.075722634630885,1,0.0,550.787764320901
2020-07-24,4.404135858245665,1,0.0,544.8672065856615
2020-07-25,4.9851984860636644,1,0.0,545.9423821281376
2020-07-26,5.151188758653268,1,0.0,547.3354033228076
2020-07-27,4.013983760395282,1,0.0,549.8821645346105
2020-07-28,4.1819730749225235,1,0.0,550.0944074938789
2020-07-29,4.095540136228172,1,0.0,547.8012935892554
2020-07-30,3.7874872302847624,1,0.0,546.6641227443027
2020-07-31,3.932035335472917,1,0.0,548.0533692929976
2020-08-01,5.126426561444974,1,0.0,546.3200760276441
2020-08-02,4.76336030074367,1,0.0,545.6844613675888
2020-08-03,4.092095391463149,1,0.0,549.4500606791129
2020-08-04,4.091737786282114,1,0.0,550.4498947237556
2020-08-05,3.715503493157795,1,0.0,549.151342506985
2020-08-06,4.438049919351927,1,0.0,546.7924161158071
2020-08-07,4.579135020613267,1,0.0,547.3650261743223
2020-08-08,4.214107836384671,1,0.0,549.1238507821683
2020-08-09,4.034908667649561,1,0.0,546.7720941383462
2020-08-10,3.663633504249515,1,0.0,550.2943519078909
2020-08-11,2.9175482213401,1,0.0,549.0959698891529
2020-08-12,3.9360582239149173,1,0.0,548.5795435815294
2020-08-13,4.734290328058616,1,0.391836081831892,550.5956946443498
2020-08-14,2.6980715702127394,1,0.0,550.0830085330327
2020-08-15,3.2236486398114446,1,0.0,553.7633365725595
2020-08-16,3.8312363786028163,1,0.0,551.5911412906457
2020-08-17,3.070290556784967,1,0.0,553.0646059145604
2020-08-18,3.1269273426618067,1,0.0,548.1020116331165
2020-08-19,3.712636725721968,1,0.0,550.8114215130977
2020-08-20,3.6906701450297694,1,0.0,547.3067950981791
2020-08-21,3.369741158296898,1,0.0,549.9353275385668
2020-08-22,3.2590093331002192,1,0.0,547.9872316985959
2020-08-23,3.8000506763974125,1,0.0,548.7302518113536
2020-08-24,3.6655838396427454,1,0.0,544.5823775832985
2020-08-25,2.981247585732088,1,0.0,549.7062149400142
2020-08-26,3.092743032360893,1,0.0,549.9861843339496
2020-08-27,3.7697315946462697,1,0.0,552.8467420906526
2020-08-28,2.906318525533269,1,0.0,552.3265628083315
2020-08-29,3.197996783877659,1,0.0,547.4793341305889
2020-08-30,3.330562612313339,1,0.0,548.9529657423483
2020-08-31,3.4912100954774132,1,0.0,543.7150488635756
2020-09-01,2.461442147652534,1,0.0,547.2329318439873
2020-09-02,2.069797157460532,1,0.0,544.5493199098961
2020-09-03,2.9356250572202747,1,0.0,549.5261688366026
2020-09-04,1.8577832227504734,1,0.0,548.2227750457879
2020-09-05,2.3359255992199572,1,0.0,545.0947800382273
2020-09-06,1.8236017238764697,1,0.0,545.2265478073406
2020-09-07,2.2624005148305937,1,0.0,545.2064436136486
2020-09-08,0.8877317807085185,1,0.0,549.200209102035
2020-09-09,2.318843319397522,1,0.0,548.1122387865199
2020-09-10,2.109435840312465,1,0.0,549.0536944247527
2020-09-11,1.4369047862165938,1,0.0,547.6885541805087
2020-09-12,1.9509960106360553,1,0.0,545.2119529289046
2020-09-13,1.6149425134129933,1,0.0,549.2325829456869
2020-09-14,0.651962531008271,1,0.0,547.5751912410612
2020-09-15,1.5794701418196533,1,0.0,549.0279733685375
2020-09-16,1.3256189577453084,1,0.0,549.0613967522183
2020-09-17,0.8815728069417763,1,0.0,545.0465359743338
2020-09-18,1.2758321092702598,1,0.0,547.569789715902
2020-09-19,1.0841095028263166,1,0.0,545.6783770475124
2020-09-20,0.6579719457332048,1,0.0,546.736459333043
2020-09-21,1.8218938218897363,1,0.0,547.3138064346896
2020-09-22,1.6432097858424575,1,0.0,549.538829617798
2020-09-23,0.9507208975971961,1,0.0,547.1323961415293
2020-09-24,0.2634679992591071,1,0.38985866344554737,554.8871831920967
2020-09-25,0.9587735851107904,1,0.0,553.6202852523642
2020-09-26,1.3378332593327587,1,0.0,551.9446471329352
2020-09-27,0.931586554402019,1,0.0,553.0732099414719
2020-09-28,-0.12328563761129968,1,0.0,552.035962122714
2020-09-29,0.6564492727434916,1,0.0,552.8469456763559
2020-09-30,-0.6982764034141655,1,0.0,549.194303789613
2020-10-01,0.05528113449022523,1,0.0,548.6190280635826
2020-10-02,-0.24092146220484073,1,0.0,546.3542389402093
2020-10-03,0.34344059590675613,1,0.0,549.3595909777897
2020-10-04,-0.4566101557863141,1,0.0,548.2467698237015
2020-10-05,-0.23850603983414367,1,0.0,548.1741906908609
2020-10-06,-0.3129115859846936,1,0.0,549.6444909203624
2020-10-07,-0.7141842761064857,0,0.0,542.9036190941637
2020-10-08,-0.12138185709787974,0,0.0,547.1466689291098
2020-10-09,-0.05025914259601616,0,0.0,548.3926726611099
2020-10-10,-0.5455434783553358,0,0.0,544.3032120698498
2020-10-11,-1.7972780307813356,0,0.0,543.2443355676894
2020-10-12,-1.3640361232291565,0,0.0,546.4208928923914
2020-10-13,-0.9061167175405771,0,0.0,540.7532378445283
2020-10-14,-0.7759674281357825,0,0.0,544.4790455358122
2020-10-15,-0.32848927138382844,0,0.0,546.1977529013451
2020-10-16,-2.0661577821553543,0,0.0,542.8090804239791
2020-10-17,-0.5491522283891889,0,0.0,539.7243704851594
2020-10-18,-1.884412868083584,0,0.0,542.2380697984237
2020-10-19,-0.90838374207831,0,0.0,545.6332232837293
2020-10-20,-2.213908249332845,0,0.0,540.1733962128269
2020-10-21,-1.5593703832332906,0,0.0,545.3719651185367
2020-10-22,-1.9270181022810529,0,0.0,544.2824205790515
2020-10-23,-2.0833983390182373,0,0.0,542.5420681672427
2020-10-24,-1.2352538930895949,0,0.0,542.2046397442829
2020-10-25,-1.9401991741959161,0,0.0,545.2955960450457
2020-10-26,-1.8436569178964213,0,0.0,543.8308685738604
2020-10-27,-2.0157691310103476,0,0.0,539.0475484016259
2020-10-28,-2.4677163426101347,0,0.0,543.4736045978141
2020-10-29,-2.421663412208184,0,0.0,545.4863948405807
2020-10-30,-3.2173048337532624,0,0.0,545.0795005935673
2020-10-31,-2.158619748121203,0,0.0,543.852594792092
2020-11-01,-2.133764407422443,0,0.0,543.2922226565491
2020-11-02,-3.18182325407939,0,0.0,544.7407980528465
2020-11-03,-2.9058308197072105,0,0.0,542.6070745230677
2020-11-04,-2.3998211917224612,0,0.0,542.2744836137678
2020-11-05,-3.25479878804109,0,0.0,539.4832540775984
2020-11-06,-2.752007409696065,0,0.0,541.479433405897
2020-11-07,-2.957737644121956,0,0.0,546.214781984422
2020-11-08,-3.7550265412261137,0,0.0,543.5210339976926
2020-11-09,-3.043777163355992,0,0.0,546.2688934872907
2020-11-10,-3.96031229381877,0,0.0,543.6350733794709
2020-11-11,-3.6333596604304246,0,0.0,541.0362425539525
2020-11-12,-3.0679436767902932,0,0.0,546.1037304045869
2020-11-13,-3.465476249941173,0,0.0,543.1667493878574
2020-11-14,-4.359777640739915,0,0.0,543.4190438023577
2020-11-15,-3.021898675781466,0,0.0,543.620448253037
2020-11-16,-2.916137591419755,0,0.0,541.3495968498543
2020-11-17,-3.434408983681748,0,0.0,545.5738905779897
2020-11-18,-3.960226344560887,0,0.0,544.2193364160155
2020-11-19,-3.809844396699152,0,0.0,543.1589208221568
2020-11-20,-4.186229809498227,0,0.0,543.5477515194419
2020-11-21,-4.59770094476037,0,0.0,540.9536406865604
2020-11-22,-5.000700889746128,0,0.0,546.434497887772
2020-11-23,-4.497868584687287,0,0.0,544.499370204787
2020-11-24,-2.567800669487614,0,0.0,541.7217507920061
2020-11-25,-3.9685428633496014,0,0.0,545.6477592856071
2020-11-26,-4.2014030236973445,0,0.0,545.8220442858487
2020-11-27,-3.7182603537313197,0,0.0,542.7543915551155
2020-11-28,-4.160101308077267,0,0.0,542.4320339172998
2020-11-29,-3.737230385896623,0,0.0,540.6028478467042
2020-11-30,-4.695773406403894,0,0.0,545.4137468732778
2020-12-01,-3.9172250411681793,0,0.0,543.8585676038787
2020-12-02,-5.081083369515882,0,0.0,540.3086300437654
2020-12-03,-5.635587484244911,0,0.0,548.1668047504528
2020-12-04,-4.255333769662179,0,0.0,541.9256124022206
2020-12-05,-3.94029196587971,0,0.0,544.1474359481975
2020-12-06,-4.232339524490513,0,0.0,544.5255544466643
2020-12-07,-5.0539478684333625,0,0.0,542.0189461954735
2020-12-08,-5.108652420043985,0,0.0,545.9597126031223
2020-12-09,-4.325329790411631,0,0.0,542.4245042530874
2020-12-10,-5.608383656106629,0,0.0,541.8412641961165
2020-12-11,-4.9053157553405375,0,0.0,541.0297111080672
2020-12-12,-5.549050448966894,0,0.0,544.1064986912804
2020-12-13,-4.0185922526521205,0,0.0,539.5035673297926
2020-12-14,-4.5414487281332105,0,0.7199388779371869,555.5485717952993
2020-12-15,-3.9145564264843387,0,0.0,555.096636519547
2020-12-16,-5.071584118933764,0,0.0,553.459219764399
2020-12-17,-4.698803155639806,0,0.0,549.1971673563286
2020-12-18,-4.989551203031817,0,0.0,550.4322396405197
2020-12-19,-5.419965284747779,0,0.0,546.2339144861301
2020-12-20,-4.43156281477932,0,0.0,548.5349261745707
2020-12-21,-5.3622596893761285,0,0.0,545.811485977276
2020-12-22,-4.384932733681924,0,0.0,544.7546322362367
2020-12-23,-4.2255642350485925,1,0.0,548.5685718263635
2020-12-24,-4.284943588916783,1,0.0,550.9069582132329
2020-12-25,-4.9125280871278445,1,0.0,553.7215266814978
2020-12-26,-5.338085085231623,1,0.0,544.0352793384144
2020-12-27,-4.860231788989819,1,0.0,547.895169917468
2020-12-28,-4.4187075198280805,1,0.0,545.49663944422
2020-12-29,-5.231091227838375,1,0.0,545.4534967427196
2020-12-30,-5.032270473782053,1,0.0,546.5390525272578
